<?xml version="1.0" encoding ="utf-8" standalone="yes"?>
<!-- eternity persistence framework   -->
<!-- Nicola Santi - www.winghands.it  -->
<archive version="4.0" sub="beta1">
<!-- ST Plotter R5 archive file-->
<version>1.0.2</version>
<model>
	<groups count="1">
		<group count="2" name="Signals">
			<node count="8">
				<content name="pr::TIM4_CNTR" type="var">
					<definition id="5" size="8" type="1" var="pr::TIM4_CNTR"></definition>
					<properties alpha="255" b="0" formatType="10" g="255" height="25" r="0" showMode="1"></properties>
				</content>
				<node count="0">
					<content name="pr::TIM4_CNTR[0]" type="varBit">
						<definition bit_index="0" id="5" size="8" var="pr::TIM4_CNTR"></definition>
						<properties alpha="255" b="0" formatType="10" g="255" height="25" r="0" showMode="0"></properties>
					</content>
				</node>
				<node count="0">
					<content name="pr::TIM4_CNTR[1]" type="varBit">
						<definition bit_index="1" id="5" size="8" var="pr::TIM4_CNTR"></definition>
						<properties alpha="255" b="0" formatType="10" g="255" height="25" r="0" showMode="0"></properties>
					</content>
				</node>
				<node count="0">
					<content name="pr::TIM4_CNTR[2]" type="varBit">
						<definition bit_index="2" id="5" size="8" var="pr::TIM4_CNTR"></definition>
						<properties alpha="255" b="0" formatType="10" g="255" height="25" r="0" showMode="0"></properties>
					</content>
				</node>
				<node count="0">
					<content name="pr::TIM4_CNTR[3]" type="varBit">
						<definition bit_index="3" id="5" size="8" var="pr::TIM4_CNTR"></definition>
						<properties alpha="255" b="0" formatType="10" g="255" height="25" r="0" showMode="0"></properties>
					</content>
				</node>
				<node count="0">
					<content name="pr::TIM4_CNTR[4]" type="varBit">
						<definition bit_index="4" id="5" size="8" var="pr::TIM4_CNTR"></definition>
						<properties alpha="255" b="0" formatType="10" g="255" height="25" r="0" showMode="0"></properties>
					</content>
				</node>
				<node count="0">
					<content name="pr::TIM4_CNTR[5]" type="varBit">
						<definition bit_index="5" id="5" size="8" var="pr::TIM4_CNTR"></definition>
						<properties alpha="255" b="0" formatType="10" g="255" height="25" r="0" showMode="0"></properties>
					</content>
				</node>
				<node count="0">
					<content name="pr::TIM4_CNTR[6]" type="varBit">
						<definition bit_index="6" id="5" size="8" var="pr::TIM4_CNTR"></definition>
						<properties alpha="255" b="0" formatType="10" g="255" height="25" r="0" showMode="0"></properties>
					</content>
				</node>
				<node count="0">
					<content name="pr::TIM4_CNTR[7]" type="varBit">
						<definition bit_index="7" id="5" size="8" var="pr::TIM4_CNTR"></definition>
						<properties alpha="255" b="0" formatType="10" g="255" height="25" r="0" showMode="0"></properties>
					</content>
				</node>
			</node>
			<node count="8">
				<content name="vr::chn_back" type="var">
					<definition id="7" size="8" type="1" var="vr::chn_back"></definition>
					<properties alpha="255" b="0" formatType="10" g="255" height="25" r="0" showMode="1"></properties>
				</content>
				<node count="0">
					<content name="vr::chn_back[0]" type="varBit">
						<definition bit_index="0" id="7" size="8" var="vr::chn_back"></definition>
						<properties alpha="255" b="0" formatType="10" g="255" height="25" r="0" showMode="0"></properties>
					</content>
				</node>
				<node count="0">
					<content name="vr::chn_back[1]" type="varBit">
						<definition bit_index="1" id="7" size="8" var="vr::chn_back"></definition>
						<properties alpha="255" b="0" formatType="10" g="255" height="25" r="0" showMode="0"></properties>
					</content>
				</node>
				<node count="0">
					<content name="vr::chn_back[2]" type="varBit">
						<definition bit_index="2" id="7" size="8" var="vr::chn_back"></definition>
						<properties alpha="255" b="0" formatType="10" g="255" height="25" r="0" showMode="0"></properties>
					</content>
				</node>
				<node count="0">
					<content name="vr::chn_back[3]" type="varBit">
						<definition bit_index="3" id="7" size="8" var="vr::chn_back"></definition>
						<properties alpha="255" b="0" formatType="10" g="255" height="25" r="0" showMode="0"></properties>
					</content>
				</node>
				<node count="0">
					<content name="vr::chn_back[4]" type="varBit">
						<definition bit_index="4" id="7" size="8" var="vr::chn_back"></definition>
						<properties alpha="255" b="0" formatType="10" g="255" height="25" r="0" showMode="0"></properties>
					</content>
				</node>
				<node count="0">
					<content name="vr::chn_back[5]" type="varBit">
						<definition bit_index="5" id="7" size="8" var="vr::chn_back"></definition>
						<properties alpha="255" b="0" formatType="10" g="255" height="25" r="0" showMode="0"></properties>
					</content>
				</node>
				<node count="0">
					<content name="vr::chn_back[6]" type="varBit">
						<definition bit_index="6" id="7" size="8" var="vr::chn_back"></definition>
						<properties alpha="255" b="0" formatType="10" g="255" height="25" r="0" showMode="0"></properties>
					</content>
				</node>
				<node count="0">
					<content name="vr::chn_back[7]" type="varBit">
						<definition bit_index="7" id="7" size="8" var="vr::chn_back"></definition>
						<properties alpha="255" b="0" formatType="10" g="255" height="25" r="0" showMode="0"></properties>
					</content>
				</node>
			</node>
		</group>
	</groups>
	<markers count="1">
		<marker alpha="255" b="255" g="0" name="MainMarker" r="0" time="0"></marker>
	</markers>
</model>
<workspace>
	<active_group>Signals</active_group>
	<time>
		<time_min>0</time_min>
		<time_max>0</time_max>
		<time_pos>0</time_pos>
		<time_range>482</time_range>
	</time>
	<window bottom="680" left="315" right="1083" top="172">
		<header_width>250</header_width>
	</window>
</workspace>
</archive>
